{
  "project_info": {
    "project_number": "919186041857",
    "firebase_url": "https://mckvie-a1ca1.firebaseio.com",
    "project_id": "mckvie-a1ca1",
    "storage_bucket": "mckvie-a1ca1.appspot.com"
  },
  "client": [
    {
      "client_info": {
        "mobilesdk_app_id": "1:919186041857:android:08cf89339d6a837d",
        "android_client_info": {
          "package_name": "com.techclub.mckvie"
        }
      },
      "oauth_client": [
        {
          "client_id": "919186041857-4knnqe7v3rf3ovgkm5341nmap5hjtn8u.apps.googleusercontent.com",
          "client_type": 1,
          "android_info": {
            "package_name": "com.techclub.mckvie",
            "certificate_hash": "b17105511c47f86e20e6ed1845b3a90184f2d2cf"
          }
        },
        {
          "client_id": "919186041857-b2l4lcpt80vt4evlifmf2bnbqt88d32d.apps.googleusercontent.com",
          "client_type": 3
        }
      ],
      "api_key": [
        {
          "current_key": "AIzaSyDl4yeZE9IZYEaN-YUW-cOKRCY0G5Kbzhs"
        }
      ],
      "services": {
        "analytics_service": {
          "status": 1
        },
        "appinvite_service": {
          "status": 2,
          "other_platform_oauth_client": [
            {
              "client_id": "919186041857-b2l4lcpt80vt4evlifmf2bnbqt88d32d.apps.googleusercontent.com",
              "client_type": 3
            }
          ]
        },
        "ads_service": {
          "status": 2
        }
      }
    }
  ],
  "configuration_version": "1"
}